<?xml version="1.0" encoding="UTF-8"?>
<!DOCTYPE keyboardmap>
<keyboardmap version="1.0">
    <mapping key="!" note="36"/>
    <mapping key="&quot;" note="34"/>
    <mapping key="$" note="50"/>
    <mapping key="(" note="37"/>
    <mapping key=")" note="48"/>
    <mapping key="*" note="38"/>
    <mapping key="," note="31"/>
    <mapping key="-" note="39"/>
    <mapping key=":" note="35"/>
    <mapping key=";" note="33"/>
    <mapping key="&lt;" note="19"/>
    <mapping key="=" note="49"/>
    <mapping key="A" note="31"/>
    <mapping key="B" note="28"/>
    <mapping key="C" note="24"/>
    <mapping key="E" note="35"/>
    <mapping key="F" note="25"/>
    <mapping key="G" note="27"/>
    <mapping key="I" note="43"/>
    <mapping key="J" note="30"/>
    <mapping key="K" note="32"/>
    <mapping key="L" note="34"/>
    <mapping key="N" note="29"/>
    <mapping key="O" note="45"/>
    <mapping key="P" note="47"/>
    <mapping key="Q" note="20"/>
    <mapping key="R" note="36"/>
    <mapping key="S" note="22"/>
    <mapping key="T" note="38"/>
    <mapping key="U" note="41"/>
    <mapping key="V" note="26"/>
    <mapping key="W" note="21"/>
    <mapping key="X" note="23"/>
    <mapping key="Y" note="40"/>
    <mapping key="Z" note="33"/>
    <mapping key="_" note="42"/>
    <mapping key="À" note="46"/>
    <mapping key="Ç" note="44"/>
    <mapping key="É" note="32"/>
    <mapping key="Ù" note="37"/>
    <mapping key="Ins" note="3"/>
    <mapping key="Del" note="1"/>
    <mapping key="Home" note="8"/>
    <mapping key="End" note="6"/>
    <mapping key="F1" note="0"/>
    <mapping key="F2" note="2"/>
    <mapping key="F3" note="4"/>
    <mapping key="F4" note="5"/>
    <mapping key="F5" note="7"/>
    <mapping key="F6" note="9"/>
    <mapping key="F7" note="11"/>
    <mapping key="F8" note="12"/>
    <mapping key="F9" note="14"/>
    <mapping key="F10" note="16"/>
    <mapping key="F11" note="18"/>
    <mapping key="F12" note="19"/>
</keyboardmap>
