<?xml version="1.0" encoding="UTF-8"?>
<!DOCTYPE keyboardmap>
<keyboardmap version="1.0">
    <mapping key="+" note="50"/>
    <mapping key="0" note="46"/>
    <mapping key="2" note="32"/>
    <mapping key="3" note="34"/>
    <mapping key="5" note="37"/>
    <mapping key="6" note="39"/>
    <mapping key="8" note="42"/>
    <mapping key="9" note="44"/>
    <mapping key="&lt;" note="19"/>
    <mapping key="A" note="20"/>
    <mapping key="B" note="28"/>
    <mapping key="C" note="24"/>
    <mapping key="E" note="35"/>
    <mapping key="F" note="25"/>
    <mapping key="G" note="27"/>
    <mapping key="I" note="43"/>
    <mapping key="J" note="30"/>
    <mapping key="K" note="32"/>
    <mapping key="," note="33"/>
    <mapping key="L" note="34"/>
    <mapping key="." note="35"/>
    <mapping key="-" note="36"/>
    <mapping key="Ä" note="37"/>
    <mapping key="#" note="38"/>
    <mapping key="M" note="31"/>
    <mapping key="N" note="29"/>
    <mapping key="O" note="45"/>
    <mapping key="P" note="47"/>
    <mapping key="Ü" note="48"/>
    <mapping key="Q" note="31"/>
    <mapping key="R" note="36"/>
    <mapping key="S" note="22"/>
    <mapping key="T" note="38"/>
    <mapping key="U" note="41"/>
    <mapping key="V" note="26"/>
    <mapping key="W" note="33"/>
    <mapping key="X" note="23"/>
    <mapping key="Y" note="21"/>
    <mapping key="Z" note="40"/>
    <mapping key="Ins" note="3"/>
    <mapping key="Del" note="1"/>
    <mapping key="Home" note="8"/>
    <mapping key="End" note="6"/>
    <mapping key="PgUp" note="13"/>
    <mapping key="PgDown" note="10"/>
    <mapping key="F1" note="0"/>
    <mapping key="F2" note="2"/>
    <mapping key="F3" note="4"/>
    <mapping key="F4" note="5"/>
    <mapping key="F5" note="7"/>
    <mapping key="F6" note="9"/>
    <mapping key="F7" note="11"/>
    <mapping key="F8" note="12"/>
    <mapping key="F9" note="14"/>
</keyboardmap>
