<?xml version="1.0" encoding="UTF-8"?>
<!DOCTYPE keyboardmap>
<keyboardmap version="1.0">
    <mapping key="J" note="22"/>
    <mapping key="M" note="23"/>
    <mapping key="N" note="21"/>
    <mapping key="O" note="38"/>
    <mapping key="P" note="40"/>
    <mapping key="Q" note="24"/>
    <mapping key="R" note="29"/>
    <mapping key="S" note="13"/>
    <mapping key="T" note="31"/>
    <mapping key="U" note="35"/>
    <mapping key="0" note="39"/>
    <mapping key="V" note="17"/>
    <mapping key="W" note="26"/>
    <mapping key="2" note="25"/>
    <mapping key="3" note="27"/>
    <mapping key="X" note="14"/>
    <mapping key="Y" note="33"/>
    <mapping key="Z" note="12"/>
    <mapping key="5" note="30"/>
    <mapping key="6" note="32"/>
    <mapping key="7" note="34"/>
    <mapping key="9" note="37"/>
    <mapping key="B" note="19"/>
    <mapping key="C" note="16"/>
    <mapping key="D" note="15"/>
    <mapping key="E" note="28"/>
    <mapping key="G" note="18"/>
    <mapping key="H" note="20"/>
    <mapping key="I" note="36"/>
</keyboardmap>
